index,actual_class,prediction,is_correct,is_guard_strengthened
177741,Fixing,Fixing,TRUE,TRUE
177747,Fixing,Not_Fixing,FALSE,FALSE
177751,Fixing,Not_Fixing,FALSE,FALSE
177752,Fixing,Fixing,TRUE,TRUE
177768,Fixing,Fixing,TRUE,TRUE
177810,Fixing,Fixing,TRUE,TRUE
177831,Not_Fixing,Not_Fixing,TRUE,FALSE
177832,Fixing,Fixing,TRUE,TRUE
177860,Fixing,Fixing,TRUE,TRUE
177866,Not_Fixing,Not_Fixing,TRUE,FALSE
177872,Fixing,Fixing,TRUE,FALSE
177875,Fixing,Fixing,TRUE,FALSE
177876,Fixing,Not_Fixing,FALSE,FALSE
177877,Fixing,Fixing,TRUE,TRUE
177879,Fixing,Fixing,TRUE,TRUE
177885,Fixing,Fixing,TRUE,TRUE
177894,Fixing,Fixing,TRUE,TRUE
177901,Fixing,Fixing,TRUE,TRUE
177910,Fixing,Not_Fixing,FALSE,FALSE
177911,Fixing,Fixing,TRUE,TRUE
177914,Fixing,Fixing,TRUE,TRUE
177923,Fixing,Fixing,TRUE,TRUE
177924,Fixing,Fixing,TRUE,TRUE
177927,Not_Fixing,Fixing,FALSE,FALSE
177928,Not_Fixing,Fixing,FALSE,FALSE
177939,Fixing,Fixing,TRUE,TRUE
177952,Fixing,Not_Fixing,FALSE,TRUE
177963,Fixing,Fixing,TRUE,TRUE
177964,Fixing,Fixing,TRUE,TRUE
177972,Fixing,Fixing,TRUE,TRUE
177992,Fixing,Fixing,TRUE,TRUE
177993,Fixing,Not_Fixing,FALSE,FALSE
178009,Fixing,Fixing,TRUE,TRUE
178010,Fixing,Fixing,TRUE,TRUE
178011,Fixing,Fixing,TRUE,TRUE
178014,Fixing,Fixing,TRUE,TRUE
178015,Fixing,Fixing,TRUE,TRUE
178017,Fixing,Fixing,TRUE,TRUE
178021,Fixing,Not_Fixing,FALSE,TRUE
178041,Not_Fixing,Not_Fixing,TRUE,FALSE
178056,Fixing,Fixing,TRUE,TRUE
178066,Fixing,Fixing,TRUE,TRUE
178083,Fixing,Fixing,TRUE,FALSE
178084,Fixing,Fixing,TRUE,FALSE
178097,Fixing,Not_Fixing,FALSE,TRUE
178100,Fixing,Fixing,TRUE,FALSE
178106,Fixing,Not_Fixing,FALSE,FALSE
178134,Fixing,Fixing,TRUE,TRUE
178151,Not_Fixing,Not_Fixing,TRUE,FALSE
178154,Not_Fixing,Not_Fixing,TRUE,FALSE
178176,Fixing,Fixing,TRUE,FALSE
178178,Fixing,Fixing,TRUE,TRUE
178188,Not_Fixing,Not_Fixing,TRUE,FALSE
178192,Not_Fixing,Not_Fixing,TRUE,FALSE
178193,Fixing,Fixing,TRUE,TRUE
178204,Fixing,Not_Fixing,FALSE,TRUE
178209,Not_Fixing,Not_Fixing,TRUE,FALSE
178231,Fixing,Fixing,TRUE,TRUE
178247,Fixing,Not_Fixing,FALSE,TRUE
178309,Not_Fixing,Not_Fixing,TRUE,FALSE
178317,Fixing,Fixing,TRUE,TRUE
178342,Fixing,Not_Fixing,FALSE,TRUE
178347,Fixing,Not_Fixing,FALSE,TRUE
178355,Fixing,Fixing,TRUE,TRUE
178358,Fixing,Fixing,TRUE,TRUE
178361,Fixing,Fixing,TRUE,TRUE
178367,Fixing,Fixing,TRUE,FALSE
178370,Not_Fixing,Not_Fixing,TRUE,FALSE
178378,Fixing,Fixing,TRUE,TRUE
178412,Fixing,Not_Fixing,FALSE,FALSE
178448,Fixing,Fixing,TRUE,TRUE
178476,Fixing,Fixing,TRUE,TRUE
178479,Fixing,Fixing,TRUE,FALSE
178485,Fixing,Fixing,TRUE,TRUE
178491,Fixing,Not_Fixing,FALSE,TRUE
178519,Fixing,Fixing,TRUE,TRUE
178526,Fixing,Fixing,TRUE,TRUE
178528,Fixing,Fixing,TRUE,TRUE
178532,Fixing,Fixing,TRUE,TRUE
178534,Fixing,Not_Fixing,FALSE,TRUE
178542,Fixing,Fixing,TRUE,FALSE
178563,Fixing,Fixing,TRUE,TRUE
178576,Fixing,Fixing,TRUE,TRUE
178622,Not_Fixing,Not_Fixing,TRUE,FALSE
178661,Fixing,Fixing,TRUE,TRUE
178663,Not_Fixing,Not_Fixing,TRUE,FALSE
178667,Fixing,Not_Fixing,FALSE,FALSE
178669,Fixing,Not_Fixing,FALSE,TRUE
178673,Fixing,Not_Fixing,FALSE,FALSE
178675,Not_Fixing,Not_Fixing,TRUE,FALSE
178750,Fixing,Not_Fixing,FALSE,FALSE
178760,Fixing,Not_Fixing,FALSE,FALSE
178765,Fixing,Fixing,TRUE,TRUE
178778,Fixing,Fixing,TRUE,TRUE
178884,Fixing,Fixing,TRUE,FALSE
178887,Fixing,Fixing,TRUE,FALSE
178888,Fixing,Fixing,TRUE,TRUE
178899,Fixing,Fixing,TRUE,FALSE
178912,Fixing,Not_Fixing,FALSE,FALSE
178930,Not_Fixing,Not_Fixing,TRUE,FALSE
178949,Not_Fixing,Not_Fixing,TRUE,FALSE
178960,Not_Fixing,Not_Fixing,TRUE,FALSE
178992,Not_Fixing,Not_Fixing,TRUE,FALSE
179006,Not_Fixing,Not_Fixing,TRUE,FALSE
179084,Fixing,Fixing,TRUE,FALSE
179087,Fixing,Fixing,TRUE,FALSE
179088,Fixing,Fixing,TRUE,TRUE
179090,Fixing,Not_Fixing,FALSE,TRUE
179095,Fixing,Not_Fixing,FALSE,TRUE
179097,Fixing,Fixing,TRUE,TRUE
179098,Fixing,Not_Fixing,FALSE,FALSE
179101,Fixing,Fixing,TRUE,TRUE
179173,Fixing,Not_Fixing,FALSE,TRUE
179174,Fixing,Fixing,TRUE,TRUE
179175,Fixing,Fixing,TRUE,TRUE
179177,Fixing,Fixing,TRUE,TRUE
179222,Fixing,Fixing,TRUE,TRUE
179271,Fixing,Not_Fixing,FALSE,TRUE
179276,Not_Fixing,Not_Fixing,TRUE,FALSE
179282,Not_Fixing,Not_Fixing,TRUE,FALSE
179287,Fixing,Fixing,TRUE,FALSE
179307,Not_Fixing,Not_Fixing,TRUE,FALSE
179360,Fixing,Fixing,TRUE,TRUE
179486,Fixing,Fixing,TRUE,TRUE
179588,Fixing,Fixing,TRUE,TRUE
179694,Not_Fixing,Not_Fixing,TRUE,FALSE
179695,Not_Fixing,Not_Fixing,TRUE,FALSE
179707,Fixing,Fixing,TRUE,TRUE
179723,Fixing,Fixing,TRUE,TRUE
179796,Fixing,Fixing,TRUE,FALSE
179808,Fixing,Fixing,TRUE,TRUE
179861,Not_Fixing,Not_Fixing,TRUE,FALSE
179868,Fixing,Fixing,TRUE,FALSE
179973,Not_Fixing,Not_Fixing,TRUE,FALSE
179999,Fixing,Not_Fixing,FALSE,TRUE
180231,Not_Fixing,Not_Fixing,TRUE,FALSE
180273,Not_Fixing,Not_Fixing,TRUE,FALSE
180294,Not_Fixing,Not_Fixing,TRUE,FALSE
180352,Not_Fixing,Not_Fixing,TRUE,FALSE
180358,Not_Fixing,Not_Fixing,TRUE,FALSE
180377,Fixing,Fixing,TRUE,TRUE
180419,Not_Fixing,Not_Fixing,TRUE,FALSE
180465,Not_Fixing,Not_Fixing,TRUE,FALSE
180476,Fixing,Fixing,TRUE,TRUE
180535,Not_Fixing,Not_Fixing,TRUE,FALSE
180563,Fixing,Fixing,TRUE,FALSE
180597,Not_Fixing,Not_Fixing,TRUE,FALSE
180628,Fixing,Not_Fixing,FALSE,FALSE
180662,Fixing,Not_Fixing,FALSE,TRUE
180684,Fixing,Fixing,TRUE,FALSE
180787,Fixing,Fixing,TRUE,TRUE
180812,Fixing,Fixing,TRUE,TRUE
180817,Fixing,Fixing,TRUE,TRUE
180878,Fixing,Fixing,TRUE,TRUE
180897,Fixing,Fixing,TRUE,FALSE
180910,Fixing,Fixing,TRUE,FALSE
180928,Fixing,Fixing,TRUE,TRUE
180932,Fixing,Not_Fixing,FALSE,TRUE
180944,Fixing,Fixing,TRUE,FALSE
180999,Fixing,Fixing,TRUE,TRUE
181152,Fixing,Not_Fixing,FALSE,TRUE
181157,Fixing,Fixing,TRUE,FALSE
181207,Not_Fixing,Not_Fixing,TRUE,FALSE
181242,Fixing,Fixing,TRUE,TRUE
181261,Fixing,Fixing,TRUE,FALSE
181269,Fixing,Fixing,TRUE,TRUE
181360,Fixing,Not_Fixing,FALSE,FALSE
181375,Not_Fixing,Not_Fixing,TRUE,FALSE
181417,Fixing,Fixing,TRUE,TRUE
181435,Fixing,Fixing,TRUE,FALSE
181448,Fixing,Fixing,TRUE,FALSE
181451,Fixing,Fixing,TRUE,TRUE
181457,Fixing,Fixing,TRUE,FALSE
181473,Not_Fixing,Not_Fixing,TRUE,FALSE
181481,Not_Fixing,Not_Fixing,TRUE,FALSE
181489,Fixing,Fixing,TRUE,TRUE
181495,Fixing,Not_Fixing,FALSE,FALSE
181574,Fixing,Not_Fixing,FALSE,FALSE
181576,Not_Fixing,Not_Fixing,TRUE,FALSE
181595,Fixing,Fixing,TRUE,TRUE
181599,Fixing,Fixing,TRUE,TRUE
181606,Fixing,Not_Fixing,FALSE,TRUE
181666,Fixing,Fixing,TRUE,TRUE
181672,Fixing,Not_Fixing,FALSE,FALSE
181674,Not_Fixing,Not_Fixing,TRUE,FALSE
181676,Not_Fixing,Not_Fixing,TRUE,FALSE
181736,Fixing,Fixing,TRUE,TRUE
181744,Fixing,Fixing,TRUE,TRUE
181750,Fixing,Fixing,TRUE,TRUE
181838,Fixing,Fixing,TRUE,TRUE
181843,Fixing,Fixing,TRUE,TRUE
181852,Not_Fixing,Not_Fixing,TRUE,FALSE
181864,Not_Fixing,Not_Fixing,TRUE,FALSE
181950,Not_Fixing,Not_Fixing,TRUE,FALSE
181953,Fixing,Fixing,TRUE,FALSE
181957,Fixing,Fixing,TRUE,FALSE
181975,Fixing,Fixing,TRUE,TRUE
181994,Fixing,Fixing,TRUE,TRUE
182013,Fixing,Fixing,TRUE,FALSE
182094,Fixing,Fixing,TRUE,TRUE
182099,Fixing,Fixing,TRUE,TRUE
182162,Fixing,Fixing,TRUE,TRUE
182213,Not_Fixing,Not_Fixing,TRUE,FALSE
182330,Fixing,Fixing,TRUE,TRUE
182450,Not_Fixing,Not_Fixing,TRUE,FALSE
182467,Not_Fixing,Not_Fixing,TRUE,FALSE
182495,Not_Fixing,Not_Fixing,TRUE,FALSE
182545,Fixing,Fixing,TRUE,TRUE
182621,Not_Fixing,Not_Fixing,TRUE,FALSE
182623,Fixing,Not_Fixing,FALSE,FALSE
182624,Not_Fixing,Fixing,FALSE,FALSE
182659,Fixing,Fixing,TRUE,TRUE
182660,Not_Fixing,Not_Fixing,TRUE,FALSE
182709,Not_Fixing,Not_Fixing,TRUE,FALSE
182767,Fixing,Fixing,TRUE,TRUE
182863,Fixing,Not_Fixing,FALSE,TRUE
182897,Fixing,Not_Fixing,FALSE,FALSE
182905,Not_Fixing,Fixing,FALSE,FALSE
182907,Not_Fixing,Fixing,FALSE,FALSE
183000,Not_Fixing,Not_Fixing,TRUE,FALSE
183122,Not_Fixing,Not_Fixing,TRUE,FALSE
183159,Not_Fixing,Not_Fixing,TRUE,FALSE
183210,Fixing,Fixing,TRUE,TRUE
183326,Fixing,Fixing,TRUE,TRUE
183404,Fixing,Fixing,TRUE,FALSE
183628,Not_Fixing,Not_Fixing,TRUE,FALSE
183702,Fixing,Not_Fixing,FALSE,FALSE
183704,Not_Fixing,Not_Fixing,TRUE,FALSE
183732,Fixing,Fixing,TRUE,FALSE
183733,Fixing,Not_Fixing,FALSE,FALSE
183736,Fixing,Not_Fixing,FALSE,FALSE
183737,Not_Fixing,Not_Fixing,TRUE,FALSE
183738,Not_Fixing,Not_Fixing,TRUE,FALSE
183739,Fixing,Not_Fixing,FALSE,FALSE
183740,Fixing,Not_Fixing,FALSE,FALSE
183742,Not_Fixing,Not_Fixing,TRUE,FALSE
183743,Not_Fixing,Not_Fixing,TRUE,FALSE
183745,Not_Fixing,Not_Fixing,TRUE,FALSE
183748,Not_Fixing,Not_Fixing,TRUE,FALSE
183749,Not_Fixing,Not_Fixing,TRUE,FALSE
183751,Not_Fixing,Not_Fixing,TRUE,FALSE
183827,Fixing,Fixing,TRUE,TRUE
183835,Not_Fixing,Not_Fixing,TRUE,FALSE
183925,Not_Fixing,Not_Fixing,TRUE,FALSE
184061,Not_Fixing,Not_Fixing,TRUE,FALSE
184278,Not_Fixing,Fixing,FALSE,TRUE
184393,Not_Fixing,Fixing,FALSE,FALSE
184490,Fixing,Fixing,TRUE,TRUE
184534,Not_Fixing,Not_Fixing,TRUE,FALSE
184540,Fixing,Fixing,TRUE,TRUE
184745,Not_Fixing,Fixing,FALSE,FALSE
184835,Not_Fixing,Not_Fixing,TRUE,FALSE
184854,Not_Fixing,Not_Fixing,TRUE,FALSE
184943,Not_Fixing,Not_Fixing,TRUE,FALSE
185001,Fixing,Fixing,TRUE,TRUE
185019,Not_Fixing,Not_Fixing,TRUE,FALSE
185021,Not_Fixing,Not_Fixing,TRUE,FALSE
185022,Not_Fixing,Not_Fixing,TRUE,FALSE
185072,Not_Fixing,Fixing,FALSE,FALSE
185236,Not_Fixing,Not_Fixing,TRUE,FALSE
185238,Not_Fixing,Not_Fixing,TRUE,FALSE
185239,Not_Fixing,Not_Fixing,TRUE,FALSE
185807,Fixing,Not_Fixing,FALSE,TRUE
186139,Not_Fixing,Not_Fixing,TRUE,FALSE
186146,Fixing,Fixing,TRUE,FALSE
186163,Not_Fixing,Not_Fixing,TRUE,FALSE
186164,Not_Fixing,Not_Fixing,TRUE,FALSE
186444,Not_Fixing,Not_Fixing,TRUE,FALSE
186632,Fixing,Not_Fixing,FALSE,FALSE
186833,Not_Fixing,Not_Fixing,TRUE,FALSE
186924,Not_Fixing,Not_Fixing,TRUE,FALSE
186986,Fixing,Not_Fixing,FALSE,TRUE
187220,Fixing,Fixing,TRUE,TRUE
187404,Fixing,Fixing,TRUE,TRUE
187410,Fixing,Fixing,TRUE,TRUE
187413,Fixing,Fixing,TRUE,TRUE
187420,Fixing,Fixing,TRUE,TRUE
187424,Fixing,Fixing,TRUE,TRUE
187441,Fixing,Fixing,TRUE,TRUE
187447,Not_Fixing,Fixing,FALSE,FALSE
187448,Not_Fixing,Fixing,FALSE,FALSE
187481,Not_Fixing,Not_Fixing,TRUE,FALSE
187485,Not_Fixing,Not_Fixing,TRUE,FALSE
187521,Not_Fixing,Not_Fixing,TRUE,FALSE
187537,Not_Fixing,Not_Fixing,TRUE,FALSE
187568,Fixing,Fixing,TRUE,TRUE
187644,Not_Fixing,Not_Fixing,TRUE,FALSE
187779,Fixing,Fixing,TRUE,TRUE
187806,Fixing,Fixing,TRUE,TRUE
187816,Fixing,Fixing,TRUE,TRUE
187835,Not_Fixing,Not_Fixing,TRUE,FALSE
187860,Fixing,Fixing,TRUE,TRUE
187922,Fixing,Fixing,TRUE,TRUE
188223,Fixing,Fixing,TRUE,TRUE
188508,Not_Fixing,Not_Fixing,TRUE,FALSE
188516,Not_Fixing,Not_Fixing,TRUE,FALSE
188568,Not_Fixing,Not_Fixing,TRUE,FALSE
188579,Fixing,Not_Fixing,FALSE,FALSE
188587,Fixing,Not_Fixing,FALSE,FALSE
188591,Not_Fixing,Not_Fixing,TRUE,FALSE
